<assembly>
  <id>bin</id>
  <formats>
    <format>zip</format>
  </formats>
  <includeBaseDirectory>true</includeBaseDirectory>
  <moduleSets>
    <moduleSet>
      <includes>
        <include>dcm4che:dcm4che-audit</include>
        <include>dcm4che:dcm4che-core</include>
        <include>dcm4che:dcm4che-iod</include>
        <include>dcm4che:dcm4che-image</include>
        <include>dcm4che:dcm4che-imageio</include>
        <include>dcm4che:dcm4che-imageio-rle</include>
        <include>dcm4che:dcm4che-net</include>
        <include>dcm4che:dcm4che-hp</include>
        <include>dcm4che.tool:dcm4che-tool-dcm2dcm</include>
        <include>dcm4che.tool:dcm4che-tool-dcm2jpg</include>
        <include>dcm4che.tool:dcm4che-tool-dcm2txt</include>
        <include>dcm4che.tool:dcm4che-tool-dcm2xml</include>
        <include>dcm4che.tool:dcm4che-tool-dcmdir</include>
        <include>dcm4che.tool:dcm4che-tool-dcmecho</include>
        <include>dcm4che.tool:dcm4che-tool-dcmgpwl</include>
        <include>dcm4che.tool:dcm4che-tool-dcmhpqr</include>
        <include>dcm4che.tool:dcm4che-tool-dcmmv</include>
        <include>dcm4che.tool:dcm4che-tool-dcmmwl</include>
        <include>dcm4che.tool:dcm4che-tool-dcmof</include>
        <include>dcm4che.tool:dcm4che-tool-dcmqr</include>
        <include>dcm4che.tool:dcm4che-tool-dcmrcv</include>
        <include>dcm4che.tool:dcm4che-tool-dcmsnd</include>
        <include>dcm4che.tool:dcm4che-tool-dcmwado</include>   
        <include>dcm4che.tool:dcm4che-tool-logger</include>
        <include>dcm4che.tool:dcm4che-tool-jpg2dcm</include>
        <include>dcm4che.tool:dcm4che-tool-pdf2dcm</include>
        <include>dcm4che.tool:dcm4che-tool-rgb2ybr</include>
        <include>dcm4che.tool:dcm4che-tool-txt2dcmsr</include>
        <include>dcm4che.tool:dcm4che-tool-xml2dcm</include>
      </includes>      
      <binaries>
        <outputDirectory>lib</outputDirectory>
        <includeDependencies>true</includeDependencies>
        <unpack>false</unpack>
        <dependencySets>
	  <dependencySet>
            <outputDirectory>lib</outputDirectory>
            <scope>runtime</scope>
          </dependencySet>
        </dependencySets>
      </binaries>
    </moduleSet>
  </moduleSets>
  <fileSets>
    <fileSet>
      <directory>dcm4che-core/src</directory>
      <includes>
        <include>bin/*.bat</include>
        <include>etc/*</include>
        <include>dtd/*</include>
        <include>xml/*</include>
      </includes>
      <lineEnding>dos</lineEnding>
      <outputDirectory>/</outputDirectory>
    </fileSet>
    <fileSet>
      <directory>dcm4che-core/src/bin</directory>
      <excludes>
        <exclude>*.bat</exclude>
      </excludes>
      <lineEnding>unix</lineEnding>
      <fileMode>0755</fileMode>
      <outputDirectory>/bin</outputDirectory>
    </fileSet>
    <fileSet>
      <directory>dcm4che-core/src/test/resources</directory>
      <includes>
        <include>log4j.properties</include>
      </includes>
      <lineEnding>dos</lineEnding>
      <outputDirectory>/etc</outputDirectory>
    </fileSet>
    <fileSet>
      <directory>dcm4che-hp/src/test/resources</directory>
      <includes>
        <include>NeurosurgeryPlan.*</include>
      </includes>
      <outputDirectory>/etc/hpsamples</outputDirectory>
    </fileSet>
    <fileSet>
      <directory>dcm4che-tool/src/main/config</directory>
      <outputDirectory>/etc</outputDirectory>
    </fileSet>
    <fileSet>
      <directory>dcm4che-tool/dcm4che-tool-dcmdir/src/bin</directory>
      <includes>
        <include>*.bat</include>
      </includes>
      <lineEnding>dos</lineEnding>
      <outputDirectory>bin</outputDirectory>
    </fileSet>
    <fileSet>
      <directory>dcm4che-tool/dcm4che-tool-dcmdir/src/bin</directory>
      <excludes>
        <exclude>*.bat</exclude>
      </excludes>
      <lineEnding>unix</lineEnding>
      <fileMode>0755</fileMode>
      <outputDirectory>bin</outputDirectory>
    </fileSet>
    <fileSet>
      <directory>dcm4che-tool/dcm4che-tool-dcm2dcm/src/bin</directory>
      <includes>
        <include>*.bat</include>
      </includes>
      <lineEnding>dos</lineEnding>
      <outputDirectory>bin</outputDirectory>
    </fileSet>
    <fileSet>
      <directory>dcm4che-tool/dcm4che-tool-dcm2dcm/src/bin</directory>
      <excludes>
        <exclude>*.bat</exclude>
      </excludes>
      <lineEnding>unix</lineEnding>
      <fileMode>0755</fileMode>
      <outputDirectory>bin</outputDirectory>
    </fileSet>
    <fileSet>
      <directory>dcm4che-tool/dcm4che-tool-dcm2jpg/src/bin</directory>
      <includes>
        <include>*.bat</include>
      </includes>
      <lineEnding>dos</lineEnding>
      <outputDirectory>bin</outputDirectory>
    </fileSet>
    <fileSet>
      <directory>dcm4che-tool/dcm4che-tool-dcm2jpg/src/bin</directory>
      <excludes>
        <exclude>*.bat</exclude>
      </excludes>
      <lineEnding>unix</lineEnding>
      <fileMode>0755</fileMode>
      <outputDirectory>bin</outputDirectory>
    </fileSet>
    <fileSet>
      <directory>dcm4che-tool/dcm4che-tool-dcm2txt/src/bin</directory>
      <includes>
        <include>*.bat</include>
      </includes>
      <lineEnding>dos</lineEnding>
      <outputDirectory>bin</outputDirectory>
    </fileSet>
    <fileSet>
      <directory>dcm4che-tool/dcm4che-tool-dcm2txt/src/bin</directory>
      <excludes>
        <exclude>*.bat</exclude>
      </excludes>
      <lineEnding>unix</lineEnding>
      <fileMode>0755</fileMode>
      <outputDirectory>bin</outputDirectory>
    </fileSet>
    <fileSet>
      <directory>dcm4che-tool/dcm4che-tool-dcm2xml/src/bin</directory>
      <includes>
        <include>*.bat</include>
      </includes>
      <lineEnding>dos</lineEnding>
      <outputDirectory>bin</outputDirectory>
    </fileSet>
    <fileSet>
      <directory>dcm4che-tool/dcm4che-tool-dcm2xml/src/bin</directory>
      <excludes>
        <exclude>*.bat</exclude>
      </excludes>
      <lineEnding>unix</lineEnding>
      <fileMode>0755</fileMode>
      <outputDirectory>bin</outputDirectory>
    </fileSet>
    <fileSet>
      <directory>dcm4che-tool/dcm4che-tool-dcmecho/src/bin</directory>
      <includes>
        <include>*.bat</include>
      </includes>
      <lineEnding>dos</lineEnding>
      <outputDirectory>bin</outputDirectory>
    </fileSet>
    <fileSet>
      <directory>dcm4che-tool/dcm4che-tool-dcmecho/src/bin</directory>
      <excludes>
        <exclude>*.bat</exclude>
      </excludes>
      <lineEnding>unix</lineEnding>
      <fileMode>0755</fileMode>
      <outputDirectory>bin</outputDirectory>
    </fileSet>
    <fileSet>
      <directory>dcm4che-tool/dcm4che-tool-dcmgpwl/src/bin</directory>
      <includes>
        <include>*.bat</include>
      </includes>
      <lineEnding>dos</lineEnding>
      <outputDirectory>bin</outputDirectory>
    </fileSet>
    <fileSet>
      <directory>dcm4che-tool/dcm4che-tool-dcmgpwl/src/bin</directory>
      <excludes>
        <exclude>*.bat</exclude>
      </excludes>
      <lineEnding>unix</lineEnding>
      <fileMode>0755</fileMode>
      <outputDirectory>bin</outputDirectory>
    </fileSet>
    <fileSet>
      <directory>dcm4che-tool/dcm4che-tool-dcmhpqr/src/bin</directory>
      <includes>
        <include>*.bat</include>
      </includes>
      <lineEnding>dos</lineEnding>
      <outputDirectory>bin</outputDirectory>
    </fileSet>
    <fileSet>
      <directory>dcm4che-tool/dcm4che-tool-dcmhpqr/src/bin</directory>
      <excludes>
        <exclude>*.bat</exclude>
      </excludes>
      <lineEnding>unix</lineEnding>
      <fileMode>0755</fileMode>
      <outputDirectory>bin</outputDirectory>
    </fileSet>
    <fileSet>
      <directory>dcm4che-tool/dcm4che-tool-dcmmv/src/bin</directory>
      <includes>
        <include>*.bat</include>
      </includes>
      <lineEnding>dos</lineEnding>
      <outputDirectory>bin</outputDirectory>
    </fileSet>
    <fileSet>
      <directory>dcm4che-tool/dcm4che-tool-dcmmv/src/bin</directory>
      <excludes>
        <exclude>*.bat</exclude>
      </excludes>
      <lineEnding>unix</lineEnding>
      <fileMode>0755</fileMode>
      <outputDirectory>bin</outputDirectory>
    </fileSet>
    <fileSet>
      <directory>dcm4che-tool/dcm4che-tool-dcmmwl/src/bin</directory>
      <includes>
        <include>*.bat</include>
      </includes>
      <lineEnding>dos</lineEnding>
      <outputDirectory>bin</outputDirectory>
    </fileSet>
    <fileSet>
      <directory>dcm4che-tool/dcm4che-tool-dcmmwl/src/bin</directory>
      <excludes>
        <exclude>*.bat</exclude>
      </excludes>
      <lineEnding>unix</lineEnding>
      <fileMode>0755</fileMode>
      <outputDirectory>bin</outputDirectory>
    </fileSet>
    <fileSet>
      <directory>dcm4che-tool/dcm4che-tool-dcmqr/src/bin</directory>
      <includes>
        <include>*.bat</include>
      </includes>
      <lineEnding>dos</lineEnding>
      <outputDirectory>bin</outputDirectory>
    </fileSet>
    <fileSet>
      <directory>dcm4che-tool/dcm4che-tool-dcmqr/src/bin</directory>
      <excludes>
        <exclude>*.bat</exclude>
      </excludes>
      <lineEnding>unix</lineEnding>
      <fileMode>0755</fileMode>
      <outputDirectory>bin</outputDirectory>
    </fileSet>
    <fileSet>
      <directory>dcm4che-tool/dcm4che-tool-dcmof/src</directory>
      <includes>
        <include>bin/*.bat</include>
        <include>etc/dcmof/*</include>
      </includes>
      <lineEnding>dos</lineEnding>
      <outputDirectory>/</outputDirectory>
    </fileSet>
    <fileSet>
      <directory>dcm4che-tool/dcm4che-tool-dcmof/src/bin</directory>
      <excludes>
        <exclude>*.bat</exclude>
      </excludes>
      <lineEnding>unix</lineEnding>
      <fileMode>0755</fileMode>
      <outputDirectory>bin</outputDirectory>
    </fileSet>
    <fileSet>
      <directory>dcm4che-tool/dcm4che-tool-dcmrcv/src/bin</directory>
      <includes>
        <include>*.bat</include>
      </includes>
      <lineEnding>dos</lineEnding>
      <outputDirectory>bin</outputDirectory>
    </fileSet>
    <fileSet>
      <directory>dcm4che-tool/dcm4che-tool-dcmrcv/src/bin</directory>
      <excludes>
        <exclude>*.bat</exclude>
      </excludes>
      <lineEnding>unix</lineEnding>
      <fileMode>0755</fileMode>
      <outputDirectory>bin</outputDirectory>
    </fileSet>
    <fileSet>
      <directory>dcm4che-tool/dcm4che-tool-dcmsnd/src/bin</directory>
      <includes>
        <include>*.bat</include>
      </includes>
      <lineEnding>dos</lineEnding>
      <outputDirectory>bin</outputDirectory>
    </fileSet>
    <fileSet>
      <directory>dcm4che-tool/dcm4che-tool-dcmsnd/src/bin</directory>
      <excludes>
        <exclude>*.bat</exclude>
      </excludes>
      <lineEnding>unix</lineEnding>
      <fileMode>0755</fileMode>
      <outputDirectory>bin</outputDirectory>
    </fileSet>
    <fileSet>
      <directory>dcm4che-tool/dcm4che-tool-dcmwado/src/bin</directory>
      <includes>
        <include>*.bat</include>
      </includes>
      <lineEnding>dos</lineEnding>
      <outputDirectory>bin</outputDirectory>
    </fileSet>
    <fileSet>
      <directory>dcm4che-tool/dcm4che-tool-dcmwado/src/bin</directory>
      <excludes>
        <exclude>*.bat</exclude>
      </excludes>
      <lineEnding>unix</lineEnding>
      <fileMode>0755</fileMode>
      <outputDirectory>bin</outputDirectory>
    </fileSet>
    <fileSet>
      <directory>dcm4che-tool/dcm4che-tool-logger/src</directory>
      <includes>
        <include>bin/*.bat</include>
        <include>etc/logger/*</include>
      </includes>
      <lineEnding>dos</lineEnding>
      <outputDirectory>/</outputDirectory>
    </fileSet>
    <fileSet>
      <directory>dcm4che-tool/dcm4che-tool-logger/src/bin</directory>
      <excludes>
        <exclude>*.bat</exclude>
      </excludes>
      <lineEnding>unix</lineEnding>
      <fileMode>0755</fileMode>
      <outputDirectory>bin</outputDirectory>
    </fileSet>
    <fileSet>
      <directory>dcm4che-tool/dcm4che-tool-jpg2dcm/src/bin</directory>
      <includes>
        <include>*.bat</include>
      </includes>
      <lineEnding>dos</lineEnding>
      <outputDirectory>bin</outputDirectory>
    </fileSet>
    <fileSet>
      <directory>dcm4che-tool/dcm4che-tool-jpg2dcm/src/main/resources/org/dcm4che2/tool/jpg2dcm</directory>
      <includes>
        <include>jpg2dcm.cfg</include>
      </includes>
      <lineEnding>dos</lineEnding>
      <outputDirectory>etc/jpg2dcm</outputDirectory>
    </fileSet>
    <fileSet>
      <directory>dcm4che-tool/dcm4che-tool-jpg2dcm/src/main/config</directory>
      <includes>
        <include>homer.cfg</include>
        <include>mpg2dcm.cfg</include>
      </includes>
      <lineEnding>dos</lineEnding>
      <outputDirectory>etc/jpg2dcm</outputDirectory>
    </fileSet>
    <fileSet>
      <directory>dcm4che-tool/dcm4che-tool-jpg2dcm/src/main/config</directory>
      <includes>
        <include>homer.jpg</include>
      </includes>
      <outputDirectory>etc/jpg2dcm</outputDirectory>
    </fileSet>
    <fileSet>
      <directory>dcm4che-tool/dcm4che-tool-jpg2dcm/src/bin</directory>
      <excludes>
        <exclude>*.bat</exclude>
      </excludes>
      <lineEnding>unix</lineEnding>
      <fileMode>0755</fileMode>
      <outputDirectory>bin</outputDirectory>
    </fileSet>
    <fileSet>
      <directory>dcm4che-tool/dcm4che-tool-pdf2dcm/src/bin</directory>
      <includes>
        <include>*.bat</include>
      </includes>
      <lineEnding>dos</lineEnding>
      <outputDirectory>bin</outputDirectory>
    </fileSet>
    <fileSet>
      <directory>dcm4che-tool/dcm4che-tool-pdf2dcm/src/main/resources/org/dcm4che2/tool/pdf2dcm</directory>
      <includes>
        <include>pdf2dcm.cfg</include>
      </includes>
      <lineEnding>dos</lineEnding>
      <outputDirectory>etc</outputDirectory>
    </fileSet>
    <fileSet>
      <directory>dcm4che-tool/dcm4che-tool-pdf2dcm/src/bin</directory>
      <excludes>
        <exclude>*.bat</exclude>
      </excludes>
      <lineEnding>unix</lineEnding>
      <fileMode>0755</fileMode>
      <outputDirectory>bin</outputDirectory>
    </fileSet>
    <fileSet>
      <directory>dcm4che-tool/dcm4che-tool-rgb2ybr/src/bin</directory>
      <includes>
        <include>*.bat</include>
      </includes>
      <lineEnding>dos</lineEnding>
      <outputDirectory>bin</outputDirectory>
    </fileSet>
    <fileSet>
      <directory>dcm4che-tool/dcm4che-tool-rgb2ybr/src/bin</directory>
      <excludes>
        <exclude>*.bat</exclude>
      </excludes>
      <lineEnding>unix</lineEnding>
      <fileMode>0755</fileMode>
      <outputDirectory>bin</outputDirectory>
    </fileSet>
    <fileSet>
      <directory>dcm4che-tool/dcm4che-tool-txt2dcmsr/src</directory>
      <includes>
        <include>bin/*.bat</include>
        <include>etc/*.cfg</include>
      </includes>
      <lineEnding>dos</lineEnding>
      <outputDirectory>/</outputDirectory>
    </fileSet>
    <fileSet>
      <directory>dcm4che-tool/dcm4che-tool-txt2dcmsr/src/bin</directory>
      <excludes>
        <exclude>*.bat</exclude>
      </excludes>
      <lineEnding>unix</lineEnding>
      <fileMode>0755</fileMode>
      <outputDirectory>bin</outputDirectory>
    </fileSet>
    <fileSet>
      <directory>dcm4che-tool/dcm4che-tool-xml2dcm/src/bin</directory>
      <includes>
        <include>*.bat</include>
      </includes>
      <lineEnding>dos</lineEnding>
      <outputDirectory>bin</outputDirectory>
    </fileSet>
    <fileSet>
      <directory>dcm4che-tool/dcm4che-tool-xml2dcm/src/bin</directory>
      <excludes>
        <exclude>*.bat</exclude>
      </excludes>
      <lineEnding>unix</lineEnding>
      <fileMode>0755</fileMode>
      <outputDirectory>bin</outputDirectory>
    </fileSet>
  </fileSets>
</assembly>
